{"cameraMode":{"drawMode":0,"name":"Shaded","section":"Shading Mode"},"sceneLighting":true,"audioPlay":false,"sceneViewState":{"m_AlwaysRefresh":false,"showFog":true,"showSkybox":true,"showFlares":true,"showImageEffects":true,"showParticleSystems":true,"showVisualEffectGraphs":true,"m_FxEnabled":true},"in2DMode":false,"pivot":{"x":-1.1659266948699952,"y":7.681564807891846,"z":1.528371810913086},"rotation":{"x":-0.0027060809079557659,"y":-0.9972754716873169,"z":-0.05840761587023735,"w":0.046328261494636539},"size":10.407719612121582,"orthographic":false}